planet,tic,sector,score,flagged,search_period,fit_status,converged,period_fit,period_lower,period_upper,period_published,period_diff,k_fit,k_lower,k_upper,k_published,k_diff,b_fit,b_lower,b_upper,b_published,b_diff,t14_hours_fit,t14_hours_lower,t14_hours_upper,t14_hours_published,t14_hours_diff,rho_star_fit,rho_star_lower,rho_star_upper,rho_star_published,rho_star_diff,tic_density,density_consistent,warnings
pi Men c,TIC 261136679,1,0.97121,True,6.26932,ok,True,6.26761,6.26716,6.26804,6.26784,0.541219,0.0167153,0.0162198,0.0176063,0.015844,-1.69297,0.439116,0.148725,0.774918,0.6465,0.616582,2.9986,2.95629,3.05342,2.95202,-1.06153,1.52567,0.548598,2.01364,0.944584,-0.593736,1.02264,True,
WASP-18 b,TIC 100100827,2,0.99355,True,0.941317,ok,True,0.94146,0.941457,0.941463,0.941452,-2.46739,0.0980118,0.0977185,0.0983111,0.1018,3.32299,0.406586,0.386277,0.425493,0.36,-0.416472,2.18709,2.18335,2.19093,2.21,0.757445,0.861652,0.842256,0.88163,0.795,-0.596724,0.692885,True,
HD 2685 b,TIC 267263253,1,0.997376,True,4.12807,ok,True,4.12689,4.12683,4.12695,4.12688,-0.108757,0.0948307,0.0943614,0.0952574,0.09467,-0.280114,0.267372,0.1851,0.321719,0.258,-0.103895,4.50341,4.48784,4.51942,4.405,-4.40825,0.461628,0.439363,0.487585,0.514619,0.355003,0.51463,True,
LHS 3844 b,TIC 410153553,1,0.0535995,False,0.925728,ok,True,0.92584,0.925816,0.925863,0.46293,-18868,0.0648063,0.0624051,0.0675613,0.06262,-0.877939,0.348219,0.115609,0.612313,0.137,-0.860927,0.525582,0.506589,0.542556,0.5242,-0.0709822,54.9662,34.5866,66.5148,31.888,-1.13121,33.1731,True,
HD 219666 b,TIC 266980320,1,0.820359,True,6.0339,ok,True,6.03578,6.03515,6.03646,6.03447,-2.08658,0.0401059,0.0379135,0.0420376,0.0421,0.98582,0.77685,0.445193,0.858812,0.838,0.738209,2.08794,1.97258,2.18175,2.158,0.702128,1.86142,1.02556,5.39259,1.17568,-0.773394,1.17568,True,
WASP-62 b,TIC 149603524,1,0.99201,True,4.41236,ok,True,4.412,4.41194,4.41206,4.41195,-0.779677,0.109706,0.109117,0.11034,0.1111,2.17075,0.128571,0.0439955,0.228878,0.228,0.980349,3.77612,3.76097,3.79249,3.816,1.37288,0.930285,0.886971,0.952414,0.85,-0.679114,1.00795,True,
HD 1397 b,TIC 394137592,1,0.982999,True,,ok,True,11.5352,11.5344,11.5361,11.5353,0.124433,0.0449827,0.0446611,0.0453632,0.04513,0.304029,0.161909,0.0576264,0.288533,0.17,0.0463788,8.52544,8.49566,8.55984,8.6016,1.5839,0.17381,0.158962,0.179845,0.147,-1.49764,0.10617,True,"no signal reached the search's significance threshold; this fits the strongest peak, which may be noise"
WASP-121 b,TIC 22529346,7,0.98819,True,1.27428,ok,True,1.27493,1.27492,1.27494,1.27493,-0.374108,0.121627,0.121237,0.12204,0.122551,2.21393,0.090553,0.0315951,0.160738,0.1,0.133256,2.89877,2.89081,2.90713,2.9053,0.616457,0.644469,0.630328,0.653173,0.6308,-0.939832,0.579225,True,
HIP 65 A b,TIC 201248411,1,0.977642,True,0.981276,ok,True,0.980969,0.980956,0.980982,0.980973,0.34242,0.283056,0.168861,0.415846,0.287,0.0247597,1.16435,1.02808,1.3088,1.169,0.0268737,0.791842,0.773628,0.814945,0.78576,-0.317165,2.87342,2.528,3.33268,2.898,0.0526324,2.20954,True,"the fit prefers a grazing transit, where k and b are poorly constrained"
TOI-132 b,TIC 89020549,1,0.891063,True,2.11046,ok,True,2.10929,2.10911,2.10947,2.1097,2.30273,0.0341808,0.0328104,0.0354845,0.0356,0.770844,0.409497,0.141628,0.668378,0.533,0.430255,2.06225,2.01463,2.12306,2.1344,0.367685,1.75842,0.965391,2.25486,1.89,0.253724,1.54068,True,
TOI-270 c,TIC 259377017,3,0.962408,True,,ok,True,5.66036,5.65967,5.66107,5.66051,0.205425,0.0593258,0.05691,0.0621835,0.056,-1.12585,0.369549,0.123998,0.636163,0.35,-0.0773373,1.67798,1.62832,1.74702,1.682,0.0561547,9.89619,5.7089,12.2928,10.63,0.292555,9.73523,True,"no signal reached the search's significance threshold; this fits the strongest peak, which may be noise"
L 98-59 c,TIC 307210830,2,0.9437,True,3.68915,ok,True,3.69055,3.69034,3.69073,3.69068,0.705465,0.0407725,0.0390275,0.0432052,0.0396,-0.661547,0.512324,0.185296,0.759084,0.41,-0.309296,1.27856,1.23765,1.35179,1.28,0.0172453,11.199,4.79483,16.9349,13,0.308375,13.315,True,
WASP-126 b,TIC 25155310,1,0.997314,True,3.29171,ok,True,3.28857,3.28848,3.28866,3.28883,2.75914,0.0779032,0.0773561,0.0784503,0.078,0.176858,0.106292,0.0343299,0.20978,0.3,0.860204,3.41791,3.3998,3.43887,3.43677,0.812494,0.862365,0.822232,0.884834,0.79,-0.808529,0.743685,True,
TOI-169 b,TIC 183120439,13,0.619965,True,2.25706,ok,True,2.25563,2.25546,2.25579,2.25545,-1.09838,0.0734679,0.0639328,0.080598,0.0866,1.44845,0.757372,0.44923,0.8584,0.9221,1.61509,1.57723,1.45234,1.68369,1.7064,1.17121,2.2128,1.18543,5.23344,0.756,-1.41558,0.6791,True,
LTT 9779 b,TIC 183985250,2,0.950796,True,0.792372,ok,True,0.792044,0.792032,0.792056,0.792052,0.644181,0.0344152,0.033058,0.0374105,0.0455,2.98267,0.377756,0.139724,0.614792,,,0.771081,0.759549,0.783738,0.365612,-5.08314,13.2172,8.39598,16.0117,1.81,-2.36587,1.39233,False,
